[
  {
    "id": "4bbb5cab-c2d8-43b5-b2de-4e9333b8c7c6",
    "data": [
      {
        "text": "please book appointment with ",
        "userDefined": false
      },
      {
        "text": "Dr. Mahendra Kare",
        "alias": "person",
        "meta": "@sys.person",
        "userDefined": true
      }
    ],
    "isTemplate": false,
    "count": 0,
    "updated": 0
  },
  {
    "id": "94ad32b8-b69d-4c50-98d6-9f192f0c5c4b",
    "data": [
      {
        "text": "Dr. ",
        "userDefined": false
      },
      {
        "text": "Mahendra Kare",
        "alias": "person",
        "meta": "@sys.person",
        "userDefined": true
      }
    ],
    "isTemplate": false,
    "count": 0,
    "updated": 0
  },
  {
    "id": "4ecf38fe-08db-4f2e-bb06-b38d80077ed2",
    "data": [
      {
        "text": "Dr. ",
        "userDefined": false
      },
      {
        "text": "Milind Desai",
        "alias": "person",
        "meta": "@sys.person",
        "userDefined": true
      }
    ],
    "isTemplate": false,
    "count": 0,
    "updated": 0
  },
  {
    "id": "91b34f42-4bfc-48d3-a704-dd5c4229e322",
    "data": [
      {
        "text": "Dr. ",
        "userDefined": false
      },
      {
        "text": "Sudhir M. Shet",
        "alias": "person",
        "meta": "@sys.person",
        "userDefined": true
      }
    ],
    "isTemplate": false,
    "count": 0,
    "updated": 0
  },
  {
    "id": "ba6c7d16-e501-48be-bbf6-3dd7afbbb252",
    "data": [
      {
        "text": "Dr. ",
        "userDefined": false
      },
      {
        "text": "Francisco Colaco",
        "alias": "person",
        "meta": "@sys.person",
        "userDefined": true
      }
    ],
    "isTemplate": false,
    "count": 0,
    "updated": 0
  },
  {
    "id": "dc6f4d55-847d-41ad-92de-84d05266d887",
    "data": [
      {
        "text": "Dr. ",
        "userDefined": false
      },
      {
        "text": "Sidhesh Talauliker",
        "alias": "person",
        "meta": "@sys.person",
        "userDefined": true
      }
    ],
    "isTemplate": false,
    "count": 0,
    "updated": 0
  }
]