[
  {
    "id": "5717807a-953e-46ef-82ee-2e90b1d2d766",
    "data": [
      {
        "text": "on ",
        "userDefined": false
      },
      {
        "text": "25-11-2020",
        "alias": "date",
        "meta": "@sys.date",
        "userDefined": false
      },
      {
        "text": " ",
        "userDefined": false
      },
      {
        "text": "at 11:00",
        "alias": "time",
        "meta": "@sys.time",
        "userDefined": false
      }
    ],
    "isTemplate": false,
    "count": 0,
    "updated": 0
  },
  {
    "id": "d2ae4ba6-e16b-40a1-836d-127dbf2d38ef",
    "data": [
      {
        "text": "at 3 pm",
        "alias": "time",
        "meta": "@sys.time",
        "userDefined": false
      },
      {
        "text": " on ",
        "userDefined": false
      },
      {
        "text": "Monday",
        "alias": "date",
        "meta": "@sys.date",
        "userDefined": false
      }
    ],
    "isTemplate": false,
    "count": 0,
    "updated": 0
  },
  {
    "id": "c24ecf36-48fb-41f1-a61c-657211d72b59",
    "data": [
      {
        "text": "on wednesday",
        "alias": "date",
        "meta": "@sys.date",
        "userDefined": false
      },
      {
        "text": " ",
        "userDefined": false
      },
      {
        "text": "at 10 am",
        "alias": "time",
        "meta": "@sys.time",
        "userDefined": false
      }
    ],
    "isTemplate": false,
    "count": 0,
    "updated": 0
  }
]