[
  {
    "id": "ccd6a546-8bf4-4b33-8c8e-374d558fa923",
    "data": [
      {
        "text": "check ",
        "userDefined": false
      },
      {
        "text": "report",
        "alias": "Health",
        "meta": "@Health",
        "userDefined": true
      }
    ],
    "isTemplate": false,
    "count": 0,
    "updated": 0
  },
  {
    "id": "4ff350dc-55f0-4d8e-8669-44d712c226ac",
    "data": [
      {
        "text": "i have heart ",
        "userDefined": false
      },
      {
        "text": "checkup",
        "alias": "Health",
        "meta": "@Health",
        "userDefined": false
      },
      {
        "text": " ",
        "userDefined": false
      },
      {
        "text": "report",
        "alias": "Health",
        "meta": "@Health",
        "userDefined": true
      }
    ],
    "isTemplate": false,
    "count": 0,
    "updated": 0
  },
  {
    "id": "bfc0e752-affd-4dc6-b620-e26aba41fa5d",
    "data": [
      {
        "text": "i wanted to check my ",
        "userDefined": false
      },
      {
        "text": "heart health",
        "alias": "Health",
        "meta": "@Health",
        "userDefined": false
      }
    ],
    "isTemplate": false,
    "count": 0,
    "updated": 0
  },
  {
    "id": "d15c3c35-02c2-4a5a-ae4d-10a136279912",
    "data": [
      {
        "text": "checkup",
        "alias": "Health",
        "meta": "@Health",
        "userDefined": false
      }
    ],
    "isTemplate": false,
    "count": 0,
    "updated": 0
  },
  {
    "id": "e2d47383-dd13-4430-add4-a227b9d72096",
    "data": [
      {
        "text": "wanted to check whether i have ",
        "userDefined": false
      },
      {
        "text": "heart disease",
        "alias": "Health",
        "meta": "@Health",
        "userDefined": false
      }
    ],
    "isTemplate": false,
    "count": 0,
    "updated": 0
  },
  {
    "id": "925558f7-6dca-4b5a-b585-db168d2e8c4b",
    "data": [
      {
        "text": "health ",
        "userDefined": false
      },
      {
        "text": "checkup",
        "alias": "Health",
        "meta": "@Health",
        "userDefined": false
      }
    ],
    "isTemplate": false,
    "count": 0,
    "updated": 0
  },
  {
    "id": "7c75e9d1-c3f9-45d6-a4d7-ccaba4ab7524",
    "data": [
      {
        "text": "heart disease",
        "alias": "Health",
        "meta": "@Health",
        "userDefined": false
      }
    ],
    "isTemplate": false,
    "count": 0,
    "updated": 0
  }
]