[
  {
    "id": "7bcc1e86-5006-4ecb-9e45-c0d3533669ad",
    "data": [
      {
        "text": "i\u0027m ",
        "userDefined": false
      },
      {
        "text": "male",
        "alias": "Gender",
        "meta": "@Gender",
        "userDefined": false
      }
    ],
    "isTemplate": false,
    "count": 0,
    "updated": 0
  },
  {
    "id": "f215c916-423e-4faa-a9d1-8c9b06f84cfc",
    "data": [
      {
        "text": "female",
        "alias": "Gender",
        "meta": "@Gender",
        "userDefined": true
      }
    ],
    "isTemplate": false,
    "count": 0,
    "updated": 0
  },
  {
    "id": "7c0472f8-099f-4967-a1c8-01815e9e4343",
    "data": [
      {
        "text": "male",
        "alias": "Gender",
        "meta": "@Gender",
        "userDefined": true
      }
    ],
    "isTemplate": false,
    "count": 0,
    "updated": 0
  }
]