[
  {
    "id": "0f0f66a4-1184-4d12-a576-d6f40ef704bb",
    "data": [
      {
        "text": "OK",
        "alias": "Confirmation",
        "meta": "@Confirmation",
        "userDefined": false
      },
      {
        "text": " i have ",
        "userDefined": false
      },
      {
        "text": "sent",
        "alias": "Confirmation1",
        "meta": "@Confirmation",
        "userDefined": false
      }
    ],
    "isTemplate": false,
    "count": 0,
    "updated": 0
  },
  {
    "id": "2c25c48a-a331-4e4f-832f-dd84ce3a843d",
    "data": [
      {
        "text": "Done",
        "alias": "Confirmation",
        "meta": "@Confirmation",
        "userDefined": false
      }
    ],
    "isTemplate": false,
    "count": 0,
    "updated": 0
  },
  {
    "id": "fe111183-57b6-4b6e-97ca-24524b5e0319",
    "data": [
      {
        "text": "OK",
        "alias": "Confirmation",
        "meta": "@Confirmation",
        "userDefined": false
      },
      {
        "text": " i will ",
        "userDefined": false
      },
      {
        "text": "submit",
        "alias": "Confirmation1",
        "meta": "@Confirmation",
        "userDefined": false
      }
    ],
    "isTemplate": false,
    "count": 0,
    "updated": 0
  },
  {
    "id": "750d077f-351e-4ee9-9d3b-eec958bc1ba4",
    "data": [
      {
        "text": "Submitted",
        "alias": "Confirmation",
        "meta": "@Confirmation",
        "userDefined": false
      }
    ],
    "isTemplate": false,
    "count": 0,
    "updated": 0
  },
  {
    "id": "95aa8efe-dfb9-4783-8782-fa9dc6af8da0",
    "data": [
      {
        "text": "Done",
        "alias": "Confirmation",
        "meta": "@Confirmation",
        "userDefined": false
      },
      {
        "text": "! ",
        "userDefined": false
      },
      {
        "text": "Submitted",
        "alias": "Confirmation1",
        "meta": "@Confirmation",
        "userDefined": false
      }
    ],
    "isTemplate": false,
    "count": 0,
    "updated": 0
  },
  {
    "id": "71bea3d4-78e7-4ce6-a4d5-1d4ad9899a4a",
    "data": [
      {
        "text": "Yes",
        "alias": "Confirmation",
        "meta": "@Confirmation",
        "userDefined": false
      }
    ],
    "isTemplate": false,
    "count": 0,
    "updated": 0
  },
  {
    "id": "dd7bf3af-3c73-4ee5-9964-59284a2467b4",
    "data": [
      {
        "text": "I ",
        "userDefined": false
      },
      {
        "text": "sent",
        "alias": "Confirmation",
        "meta": "@Confirmation",
        "userDefined": false
      }
    ],
    "isTemplate": false,
    "count": 0,
    "updated": 0
  },
  {
    "id": "10e8a26e-7bd6-478d-9cb2-41cb8ac2709d",
    "data": [
      {
        "text": "Sent",
        "alias": "Confirmation",
        "meta": "@Confirmation",
        "userDefined": false
      }
    ],
    "isTemplate": false,
    "count": 0,
    "updated": 0
  },
  {
    "id": "39a8f455-f16d-4f97-b98e-2f62f8509feb",
    "data": [
      {
        "text": "Sure",
        "alias": "Confirmation",
        "meta": "@Confirmation",
        "userDefined": false
      }
    ],
    "isTemplate": false,
    "count": 0,
    "updated": 0
  }
]