[
  {
    "id": "909462d0-23ad-4033-9374-c3182c23597a",
    "data": [
      {
        "text": "OK",
        "alias": "Confirmation",
        "meta": "@Confirmation",
        "userDefined": false
      },
      {
        "text": " i have ",
        "userDefined": false
      },
      {
        "text": "sent",
        "alias": "Confirmation1",
        "meta": "@Confirmation",
        "userDefined": false
      }
    ],
    "isTemplate": false,
    "count": 0,
    "updated": 0
  },
  {
    "id": "9cafdca8-eebf-4274-a78a-7c420398c0f0",
    "data": [
      {
        "text": "Done",
        "alias": "Confirmation",
        "meta": "@Confirmation",
        "userDefined": false
      }
    ],
    "isTemplate": false,
    "count": 0,
    "updated": 0
  },
  {
    "id": "2c7dfdfe-9839-4479-8715-09b9e902f707",
    "data": [
      {
        "text": "OK",
        "alias": "Confirmation",
        "meta": "@Confirmation",
        "userDefined": false
      },
      {
        "text": " i will ",
        "userDefined": false
      },
      {
        "text": "submit",
        "alias": "Confirmation1",
        "meta": "@Confirmation",
        "userDefined": false
      }
    ],
    "isTemplate": false,
    "count": 0,
    "updated": 0
  },
  {
    "id": "6070e3b6-f058-4e01-be59-96a199e75e07",
    "data": [
      {
        "text": "Submitted",
        "alias": "Confirmation",
        "meta": "@Confirmation",
        "userDefined": false
      }
    ],
    "isTemplate": false,
    "count": 0,
    "updated": 0
  },
  {
    "id": "cebbee5d-f330-4a4f-a18a-d5e2b33aea07",
    "data": [
      {
        "text": "Done",
        "alias": "Confirmation",
        "meta": "@Confirmation",
        "userDefined": false
      },
      {
        "text": "! ",
        "userDefined": false
      },
      {
        "text": "Submitted",
        "alias": "Confirmation1",
        "meta": "@Confirmation",
        "userDefined": false
      }
    ],
    "isTemplate": false,
    "count": 0,
    "updated": 0
  },
  {
    "id": "e0a48133-d32c-4cdd-9141-4047460f2d6d",
    "data": [
      {
        "text": "Yes",
        "alias": "Confirmation",
        "meta": "@Confirmation",
        "userDefined": false
      }
    ],
    "isTemplate": false,
    "count": 0,
    "updated": 0
  },
  {
    "id": "14f2b1dd-4289-4a08-8d29-d7106d8a396b",
    "data": [
      {
        "text": "I ",
        "userDefined": false
      },
      {
        "text": "sent",
        "alias": "Confirmation",
        "meta": "@Confirmation",
        "userDefined": false
      }
    ],
    "isTemplate": false,
    "count": 0,
    "updated": 0
  },
  {
    "id": "e99b95ec-a499-4194-9009-181b7f352ac4",
    "data": [
      {
        "text": "Sent",
        "alias": "Confirmation",
        "meta": "@Confirmation",
        "userDefined": false
      }
    ],
    "isTemplate": false,
    "count": 0,
    "updated": 0
  },
  {
    "id": "133526ab-ab58-43c6-ac95-004fe4ae1334",
    "data": [
      {
        "text": "Sure",
        "alias": "Confirmation",
        "meta": "@Confirmation",
        "userDefined": false
      }
    ],
    "isTemplate": false,
    "count": 0,
    "updated": 0
  }
]