[
  {
    "id": "afa72ef7-2330-4f38-8341-6b97e0f9d3af",
    "data": [
      {
        "text": "sure",
        "alias": "Confirmation",
        "meta": "@Confirmation",
        "userDefined": false
      }
    ],
    "isTemplate": false,
    "count": 0,
    "updated": 0
  },
  {
    "id": "c54e2201-1aa8-4883-85ce-7fcee49658c9",
    "data": [
      {
        "text": "ok",
        "alias": "Confirmation",
        "meta": "@Confirmation",
        "userDefined": false
      }
    ],
    "isTemplate": false,
    "count": 0,
    "updated": 0
  },
  {
    "id": "36573851-e248-4157-a42c-62f6464da562",
    "data": [
      {
        "text": "fine",
        "userDefined": false
      }
    ],
    "isTemplate": false,
    "count": 0,
    "updated": 0
  },
  {
    "id": "cca2d972-aa5c-42ef-a45e-9420f47a30fe",
    "data": [
      {
        "text": "yes",
        "alias": "Confirmation",
        "meta": "@Confirmation",
        "userDefined": false
      }
    ],
    "isTemplate": false,
    "count": 0,
    "updated": 0
  }
]