[
  {
    "id": "2951331d-09a0-461b-bebf-f10869b04324",
    "data": [
      {
        "text": "dont wont",
        "userDefined": false
      }
    ],
    "isTemplate": false,
    "count": 0,
    "updated": 0
  },
  {
    "id": "e5618b02-e8dc-4c8e-bb57-7e0975b0face",
    "data": [
      {
        "text": "not required",
        "userDefined": false
      }
    ],
    "isTemplate": false,
    "count": 0,
    "updated": 0
  },
  {
    "id": "be04813f-822f-4c37-a580-c4bbd7632733",
    "data": [
      {
        "text": "no",
        "alias": "confirmation",
        "meta": "@Confirmation",
        "userDefined": false
      }
    ],
    "isTemplate": false,
    "count": 0,
    "updated": 0
  }
]