[
  {
    "id": "58947439-f930-4396-bf48-3cd1666ae4b0",
    "data": [
      {
        "text": "Sure",
        "alias": "confirmation",
        "meta": "@Confirmation",
        "userDefined": false
      }
    ],
    "isTemplate": false,
    "count": 0,
    "updated": 0
  },
  {
    "id": "c1faca65-d88a-4e12-8f46-a5278585aa75",
    "data": [
      {
        "text": "yes",
        "alias": "confirmation",
        "meta": "@Confirmation",
        "userDefined": false
      },
      {
        "text": " please",
        "userDefined": false
      }
    ],
    "isTemplate": false,
    "count": 0,
    "updated": 0
  },
  {
    "id": "b45724fc-c47e-4252-99dc-7891c8120f6d",
    "data": [
      {
        "text": "great",
        "userDefined": false
      }
    ],
    "isTemplate": false,
    "count": 1,
    "updated": 0
  },
  {
    "id": "a51a9f5f-6017-43b8-86a2-be17a5bc83fa",
    "data": [
      {
        "text": "OK",
        "alias": "confirmation",
        "meta": "@Confirmation",
        "userDefined": false
      }
    ],
    "isTemplate": false,
    "count": 0,
    "updated": 0
  },
  {
    "id": "cca4a727-24d8-4d21-b6fd-287a056fc0e8",
    "data": [
      {
        "text": "Yes",
        "alias": "confirmation",
        "meta": "@Confirmation",
        "userDefined": false
      }
    ],
    "isTemplate": false,
    "count": 0,
    "updated": 0
  }
]