[
  {
    "id": "91d30cb0-5d12-4de1-86c1-6efccfd4f00d",
    "data": [
      {
        "text": "dont wont",
        "userDefined": false
      }
    ],
    "isTemplate": false,
    "count": 0,
    "updated": 0
  },
  {
    "id": "6713a623-246b-4c93-a0b4-f48320a3190b",
    "data": [
      {
        "text": "not required",
        "userDefined": false
      }
    ],
    "isTemplate": false,
    "count": 0,
    "updated": 0
  },
  {
    "id": "9da42556-d83d-4733-bb10-caa6cb7227ca",
    "data": [
      {
        "text": "no",
        "alias": "confirmation",
        "meta": "@Confirmation",
        "userDefined": false
      }
    ],
    "isTemplate": false,
    "count": 0,
    "updated": 0
  }
]