[
  {
    "id": "6b0569ba-425d-47fb-871f-d9b21ff7b350",
    "data": [
      {
        "text": "not required",
        "userDefined": false
      }
    ],
    "isTemplate": false,
    "count": 0,
    "updated": 0
  },
  {
    "id": "2fd0c1dd-5878-437a-97ad-20d78af6cc7d",
    "data": [
      {
        "text": "nope",
        "userDefined": false
      }
    ],
    "isTemplate": false,
    "count": 0,
    "updated": 0
  },
  {
    "id": "3b3c94a8-fdd2-43a3-8927-470f782b76eb",
    "data": [
      {
        "text": "no thanks",
        "userDefined": false
      }
    ],
    "isTemplate": false,
    "count": 0,
    "updated": 0
  },
  {
    "id": "679948f8-b630-4164-8b94-7d66f15d5afc",
    "data": [
      {
        "text": "no",
        "userDefined": false
      }
    ],
    "isTemplate": false,
    "count": 0,
    "updated": 0
  }
]