[
  {
    "id": "b69f62a5-6717-49ec-a2e4-82f197b9f164",
    "data": [
      {
        "text": "i\u0027m ",
        "userDefined": false
      },
      {
        "text": "21 years",
        "alias": "age",
        "meta": "@sys.age",
        "userDefined": false
      },
      {
        "text": " old",
        "userDefined": false
      }
    ],
    "isTemplate": false,
    "count": 0,
    "updated": 0
  },
  {
    "id": "872b8f19-183a-49d0-ba08-2ad80affd005",
    "data": [
      {
        "text": "21 years",
        "alias": "age",
        "meta": "@sys.age",
        "userDefined": false
      }
    ],
    "isTemplate": false,
    "count": 0,
    "updated": 0
  },
  {
    "id": "4bc661cc-7057-403e-a991-1b5556980729",
    "data": [
      {
        "text": "21",
        "alias": "age",
        "meta": "@sys.age",
        "userDefined": false
      }
    ],
    "isTemplate": false,
    "count": 0,
    "updated": 0
  }
]