[
  {
    "id": "cd3e5c6b-62d1-40a6-9229-3ea623535bb8",
    "data": [
      {
        "text": "i\u0027m ",
        "userDefined": false
      },
      {
        "text": "sherwin",
        "alias": "given-name",
        "meta": "@sys.given-name",
        "userDefined": true
      }
    ],
    "isTemplate": false,
    "count": 0,
    "updated": 0
  },
  {
    "id": "7c8345e0-1c08-4523-8f9e-148930259e25",
    "data": [
      {
        "text": "my name is ",
        "userDefined": false
      },
      {
        "text": "sherwin",
        "alias": "given-name",
        "meta": "@sys.given-name",
        "userDefined": false
      }
    ],
    "isTemplate": false,
    "count": 0,
    "updated": 0
  },
  {
    "id": "14c6bb53-1d1b-4372-b77f-f2826c388447",
    "data": [
      {
        "text": "sherwin",
        "alias": "given-name",
        "meta": "@sys.given-name",
        "userDefined": true
      }
    ],
    "isTemplate": false,
    "count": 0,
    "updated": 0
  }
]