[
  {
    "id": "1a75e826-a138-41a9-adda-ccd116831081",
    "data": [
      {
        "text": "i\u0027m ",
        "userDefined": false
      },
      {
        "text": "sherwin",
        "alias": "given-name",
        "meta": "@sys.given-name",
        "userDefined": true
      }
    ],
    "isTemplate": false,
    "count": 0,
    "updated": 0
  },
  {
    "id": "0d70295f-81f5-405b-8dca-02a09fa7688e",
    "data": [
      {
        "text": "my name is ",
        "userDefined": false
      },
      {
        "text": "sherwin",
        "alias": "given-name",
        "meta": "@sys.given-name",
        "userDefined": false
      }
    ],
    "isTemplate": false,
    "count": 0,
    "updated": 0
  },
  {
    "id": "f20fe00d-0528-4b9b-8798-e72d5609be2f",
    "data": [
      {
        "text": "sherwin",
        "alias": "given-name",
        "meta": "@sys.given-name",
        "userDefined": true
      }
    ],
    "isTemplate": false,
    "count": 0,
    "updated": 0
  }
]