[
  {
    "id": "9c284f6d-75f1-451b-8a3e-5d3be87e387c",
    "data": [
      {
        "text": "i\u0027m ",
        "userDefined": false
      },
      {
        "text": "21 years",
        "alias": "age",
        "meta": "@sys.age",
        "userDefined": false
      },
      {
        "text": " old",
        "userDefined": false
      }
    ],
    "isTemplate": false,
    "count": 0,
    "updated": 0
  },
  {
    "id": "7e5f1ebb-602b-4ec5-aae1-79df1180d05b",
    "data": [
      {
        "text": "21 years",
        "alias": "age",
        "meta": "@sys.age",
        "userDefined": false
      }
    ],
    "isTemplate": false,
    "count": 0,
    "updated": 0
  },
  {
    "id": "de853c5b-0864-443b-af4b-01b93e75f935",
    "data": [
      {
        "text": "21",
        "alias": "age",
        "meta": "@sys.age",
        "userDefined": false
      }
    ],
    "isTemplate": false,
    "count": 0,
    "updated": 0
  }
]