[
  {
    "id": "70fda6f4-49e9-4021-ab6e-97887b002066",
    "data": [
      {
        "text": "ok",
        "alias": "Confirmation",
        "meta": "@Confirmation",
        "userDefined": false
      },
      {
        "text": " i have ",
        "userDefined": false
      },
      {
        "text": "sent",
        "alias": "Confirmation1",
        "meta": "@Confirmation",
        "userDefined": false
      }
    ],
    "isTemplate": false,
    "count": 0,
    "updated": 0
  },
  {
    "id": "b3a7b4a7-15fe-425e-aeaa-cfead7b2125b",
    "data": [
      {
        "text": "done",
        "alias": "Confirmation",
        "meta": "@Confirmation",
        "userDefined": false
      }
    ],
    "isTemplate": false,
    "count": 0,
    "updated": 0
  },
  {
    "id": "ea149a61-401e-4f79-ae8e-d8fccbe64a29",
    "data": [
      {
        "text": "ok",
        "alias": "Confirmation",
        "meta": "@Confirmation",
        "userDefined": false
      },
      {
        "text": " i will ",
        "userDefined": false
      },
      {
        "text": "submit",
        "alias": "Confirmation1",
        "meta": "@Confirmation",
        "userDefined": false
      }
    ],
    "isTemplate": false,
    "count": 0,
    "updated": 0
  },
  {
    "id": "4ce3283c-f186-4861-8ebd-8839b76fb2ff",
    "data": [
      {
        "text": "submitted",
        "alias": "Confirmation",
        "meta": "@Confirmation",
        "userDefined": false
      }
    ],
    "isTemplate": false,
    "count": 0,
    "updated": 0
  },
  {
    "id": "6505a16a-094c-4056-ad40-34cb8cf80838",
    "data": [
      {
        "text": "done",
        "alias": "Confirmation",
        "meta": "@Confirmation",
        "userDefined": false
      },
      {
        "text": "! ",
        "userDefined": false
      },
      {
        "text": "submitted",
        "alias": "Confirmation1",
        "meta": "@Confirmation",
        "userDefined": false
      }
    ],
    "isTemplate": false,
    "count": 0,
    "updated": 0
  },
  {
    "id": "7de4a95f-2dbe-4b09-ba55-9a9e9e22f163",
    "data": [
      {
        "text": "yes",
        "alias": "Confirmation",
        "meta": "@Confirmation",
        "userDefined": false
      }
    ],
    "isTemplate": false,
    "count": 0,
    "updated": 0
  },
  {
    "id": "4b9ad4d4-4d97-43d0-9229-1e837b55ae9d",
    "data": [
      {
        "text": "i ",
        "userDefined": false
      },
      {
        "text": "sent",
        "alias": "Confirmation",
        "meta": "@Confirmation",
        "userDefined": false
      }
    ],
    "isTemplate": false,
    "count": 0,
    "updated": 0
  },
  {
    "id": "02309489-ffef-4233-8c2c-e31f6cd29cb7",
    "data": [
      {
        "text": "sent",
        "alias": "Confirmation",
        "meta": "@Confirmation",
        "userDefined": false
      }
    ],
    "isTemplate": false,
    "count": 0,
    "updated": 0
  },
  {
    "id": "445e21ae-a7a8-486d-8b28-3753696b9bdf",
    "data": [
      {
        "text": "sure",
        "alias": "Confirmation",
        "meta": "@Confirmation",
        "userDefined": false
      }
    ],
    "isTemplate": false,
    "count": 0,
    "updated": 0
  }
]