[
  {
    "id": "82afc6ce-01e0-47fd-8ce6-41892fc9b4ac",
    "data": [
      {
        "text": "ok",
        "alias": "Confirmation",
        "meta": "@Confirmation",
        "userDefined": false
      },
      {
        "text": " i have ",
        "userDefined": false
      },
      {
        "text": "sent",
        "alias": "Confirmation1",
        "meta": "@Confirmation",
        "userDefined": false
      }
    ],
    "isTemplate": false,
    "count": 0,
    "updated": 0
  },
  {
    "id": "5c47a5fa-e387-408e-93aa-c7ddcd4507f3",
    "data": [
      {
        "text": "done",
        "alias": "Confirmation",
        "meta": "@Confirmation",
        "userDefined": false
      }
    ],
    "isTemplate": false,
    "count": 0,
    "updated": 0
  },
  {
    "id": "086fd9a9-3b0b-4c37-933d-a026a2b443e1",
    "data": [
      {
        "text": "ok",
        "alias": "Confirmation",
        "meta": "@Confirmation",
        "userDefined": false
      },
      {
        "text": " i will ",
        "userDefined": false
      },
      {
        "text": "submit",
        "alias": "Confirmation1",
        "meta": "@Confirmation",
        "userDefined": false
      }
    ],
    "isTemplate": false,
    "count": 0,
    "updated": 0
  },
  {
    "id": "f61ed244-b2cd-48f9-8d89-3bb0fbd42e4f",
    "data": [
      {
        "text": "submitted",
        "alias": "Confirmation",
        "meta": "@Confirmation",
        "userDefined": false
      }
    ],
    "isTemplate": false,
    "count": 0,
    "updated": 0
  },
  {
    "id": "1d96ee3d-c3c0-4dcf-a398-0bd5bfa785c5",
    "data": [
      {
        "text": "done",
        "alias": "Confirmation",
        "meta": "@Confirmation",
        "userDefined": false
      },
      {
        "text": "! ",
        "userDefined": false
      },
      {
        "text": "submitted",
        "alias": "Confirmation1",
        "meta": "@Confirmation",
        "userDefined": false
      }
    ],
    "isTemplate": false,
    "count": 0,
    "updated": 0
  },
  {
    "id": "930b1e10-f2bb-463e-aad4-bba39146ea5b",
    "data": [
      {
        "text": "yes",
        "alias": "Confirmation",
        "meta": "@Confirmation",
        "userDefined": false
      }
    ],
    "isTemplate": false,
    "count": 0,
    "updated": 0
  },
  {
    "id": "c8f381b8-faa9-40e0-a7c3-0444ed03123c",
    "data": [
      {
        "text": "i ",
        "userDefined": false
      },
      {
        "text": "sent",
        "alias": "Confirmation",
        "meta": "@Confirmation",
        "userDefined": false
      }
    ],
    "isTemplate": false,
    "count": 0,
    "updated": 0
  },
  {
    "id": "64b4380b-fac2-4d3b-a62e-ebb408f959d0",
    "data": [
      {
        "text": "sent",
        "alias": "Confirmation",
        "meta": "@Confirmation",
        "userDefined": false
      }
    ],
    "isTemplate": false,
    "count": 0,
    "updated": 0
  },
  {
    "id": "2cc4ade6-a203-4ffe-a4dd-735648c0e1d0",
    "data": [
      {
        "text": "sure",
        "alias": "Confirmation",
        "meta": "@Confirmation",
        "userDefined": false
      }
    ],
    "isTemplate": false,
    "count": 0,
    "updated": 0
  }
]