[
  {
    "id": "a4aef861-93b6-4d06-9f80-5a1a14779bba",
    "data": [
      {
        "text": "nope",
        "userDefined": false
      }
    ],
    "isTemplate": false,
    "count": 0,
    "updated": 0
  },
  {
    "id": "cb6c0e19-a627-4204-bad1-dc4c633c3ec8",
    "data": [
      {
        "text": "i dont have it",
        "userDefined": false
      }
    ],
    "isTemplate": false,
    "count": 0,
    "updated": 0
  },
  {
    "id": "4b97353b-b2c2-4cf9-9de4-b029d8213c53",
    "data": [
      {
        "text": "no",
        "userDefined": false
      }
    ],
    "isTemplate": false,
    "count": 0,
    "updated": 0
  }
]