[
  {
    "id": "46dee31d-019f-4683-a9b5-0a699c766581",
    "data": [
      {
        "text": "one month",
        "alias": "duration",
        "meta": "@sys.duration",
        "userDefined": false
      }
    ],
    "isTemplate": false,
    "count": 0,
    "updated": 0
  },
  {
    "id": "72d16d88-0e43-444e-8d1a-953fa7a9fb89",
    "data": [
      {
        "text": "one week",
        "alias": "duration",
        "meta": "@sys.duration",
        "userDefined": false
      }
    ],
    "isTemplate": false,
    "count": 0,
    "updated": 0
  },
  {
    "id": "5851fd8e-d98d-4678-a4db-8d61660072ff",
    "data": [
      {
        "text": "one day",
        "alias": "duration",
        "meta": "@sys.duration",
        "userDefined": false
      }
    ],
    "isTemplate": false,
    "count": 0,
    "updated": 0
  },
  {
    "id": "f1d1866c-c54f-4e79-8f0e-26f8a1a72b99",
    "data": [
      {
        "text": "one hour",
        "alias": "duration",
        "meta": "@sys.duration",
        "userDefined": false
      }
    ],
    "isTemplate": false,
    "count": 0,
    "updated": 0
  },
  {
    "id": "91a45544-118d-4fa8-8329-f99109bc97f8",
    "data": [
      {
        "text": "half an hour",
        "alias": "duration",
        "meta": "@sys.duration",
        "userDefined": false
      }
    ],
    "isTemplate": false,
    "count": 0,
    "updated": 0
  }
]