[
  {
    "id": "50c6146f-ae4a-43cc-a950-143823ea6ee7",
    "data": [
      {
        "text": "Chest pain",
        "alias": "Symptoms",
        "meta": "@Symptoms",
        "userDefined": false
      },
      {
        "text": " while resting, Sudden ",
        "userDefined": false
      },
      {
        "text": "chest pain",
        "alias": "Symptoms",
        "meta": "@Symptoms",
        "userDefined": false
      },
      {
        "text": ", Shortness of Breadth, Fast or Shallow breathing",
        "userDefined": false
      }
    ],
    "isTemplate": false,
    "count": 0,
    "updated": 0
  },
  {
    "id": "dc1eb6f5-41a0-4587-b65e-b81f33eff2c2",
    "data": [
      {
        "text": "Fast or ",
        "userDefined": false
      },
      {
        "text": "Shallow breathing",
        "alias": "Symptoms",
        "meta": "@Symptoms",
        "userDefined": true
      }
    ],
    "isTemplate": false,
    "count": 0,
    "updated": 0
  },
  {
    "id": "de4a5b58-6fc3-4604-a48c-616ff1221949",
    "data": [
      {
        "text": "Shortness",
        "alias": "Symptoms",
        "meta": "@Symptoms",
        "userDefined": true
      },
      {
        "text": " of Breadth",
        "userDefined": false
      }
    ],
    "isTemplate": false,
    "count": 0,
    "updated": 0
  },
  {
    "id": "6ec7a8d9-fc2d-4cce-80e3-4d39d04d3c48",
    "data": [
      {
        "text": "Sudden ",
        "userDefined": false
      },
      {
        "text": "chest pain",
        "alias": "Symptoms",
        "meta": "@Symptoms",
        "userDefined": false
      }
    ],
    "isTemplate": false,
    "count": 0,
    "updated": 0
  },
  {
    "id": "e1ca12bc-5504-4899-af96-3a638091ca99",
    "data": [
      {
        "text": "Chest pain",
        "alias": "Symptoms",
        "meta": "@Symptoms",
        "userDefined": false
      },
      {
        "text": " while resting",
        "userDefined": false
      }
    ],
    "isTemplate": false,
    "count": 0,
    "updated": 0
  },
  {
    "id": "8d7b5132-ff9f-4f16-89cd-b6e5a88d9ea6",
    "data": [
      {
        "text": "None",
        "alias": "Symptoms",
        "meta": "@Symptoms",
        "userDefined": true
      }
    ],
    "isTemplate": false,
    "count": 0,
    "updated": 0
  }
]