[
  {
    "id": "47991a38-a17b-4f9b-a028-0da172f603e9",
    "data": [
      {
        "text": "Chest pain",
        "alias": "Symptoms",
        "meta": "@Symptoms",
        "userDefined": false
      },
      {
        "text": " spreading the Jaw",
        "userDefined": false
      }
    ],
    "isTemplate": false,
    "count": 0,
    "updated": 0
  },
  {
    "id": "d8c445fb-1e7a-4962-bcbd-e6af3e6709af",
    "data": [
      {
        "text": "Anxiety",
        "alias": "Symptoms",
        "meta": "@Symptoms",
        "userDefined": false
      }
    ],
    "isTemplate": false,
    "count": 0,
    "updated": 0
  },
  {
    "id": "0fc2ad21-175d-4f4b-a8c3-6bca890ea953",
    "data": [
      {
        "text": "Unusually ",
        "userDefined": false
      },
      {
        "text": "Tired",
        "alias": "Symptoms",
        "meta": "@Symptoms",
        "userDefined": true
      }
    ],
    "isTemplate": false,
    "count": 0,
    "updated": 0
  },
  {
    "id": "9b1b5149-6cde-4940-a301-51852cd9fb21",
    "data": [
      {
        "text": "Chest ",
        "userDefined": false
      },
      {
        "text": "Tightness",
        "alias": "Symptoms",
        "meta": "@Symptoms",
        "userDefined": true
      }
    ],
    "isTemplate": false,
    "count": 0,
    "updated": 0
  },
  {
    "id": "a939ee0f-9e72-4dbb-9e78-27c97c5757de",
    "data": [
      {
        "text": "Joint/",
        "userDefined": false
      },
      {
        "text": "Abdominal pain",
        "alias": "Symptoms",
        "meta": "@Symptoms",
        "userDefined": true
      }
    ],
    "isTemplate": false,
    "count": 0,
    "updated": 0
  },
  {
    "id": "7e57d7a2-a751-4388-a2c2-9abc4e3636e0",
    "data": [
      {
        "text": "Chest pain",
        "alias": "Symptoms",
        "meta": "@Symptoms",
        "userDefined": false
      },
      {
        "text": " spreading on physical effort",
        "userDefined": false
      }
    ],
    "isTemplate": false,
    "count": 0,
    "updated": 0
  },
  {
    "id": "ae77180e-811d-4a93-879a-bfed268891ed",
    "data": [
      {
        "text": "Chest pain",
        "alias": "Symptoms",
        "meta": "@Symptoms",
        "userDefined": false
      },
      {
        "text": " spreading to the left arm",
        "userDefined": false
      }
    ],
    "isTemplate": false,
    "count": 0,
    "updated": 0
  },
  {
    "id": "e5c9d284-9382-4d9a-89e2-9477690fa8c5",
    "data": [
      {
        "text": "Feeling your heart ",
        "userDefined": false
      },
      {
        "text": "racing",
        "meta": "@sys.ignore",
        "userDefined": true
      },
      {
        "text": " or ",
        "userDefined": false
      },
      {
        "text": "skipping a beat",
        "alias": "Symptoms",
        "meta": "@Symptoms",
        "userDefined": true
      }
    ],
    "isTemplate": false,
    "count": 0,
    "updated": 0
  },
  {
    "id": "c3744268-0ff7-4706-a0c0-c37eb82818f3",
    "data": [
      {
        "text": "None",
        "alias": "Symptoms",
        "meta": "@Symptoms",
        "userDefined": true
      }
    ],
    "isTemplate": false,
    "count": 0,
    "updated": 0
  }
]