[
  {
    "id": "612f3abe-beb9-4ad8-99a0-f520cb92a49d",
    "data": [
      {
        "text": "nope",
        "userDefined": false
      }
    ],
    "isTemplate": false,
    "count": 0,
    "updated": 0
  },
  {
    "id": "bd633337-f75a-436e-855f-db7a9ba815f0",
    "data": [
      {
        "text": "i dont have it",
        "userDefined": false
      }
    ],
    "isTemplate": false,
    "count": 0,
    "updated": 0
  },
  {
    "id": "27df4462-d378-4898-a5d7-8289e9a0d907",
    "data": [
      {
        "text": "no",
        "userDefined": false
      }
    ],
    "isTemplate": false,
    "count": 0,
    "updated": 0
  }
]