[
  {
    "id": "505b7707-9c22-4542-bb05-e714a6cddebd",
    "data": [
      {
        "text": "not sure",
        "userDefined": false
      }
    ],
    "isTemplate": false,
    "count": 0,
    "updated": 0
  },
  {
    "id": "74e3c0b9-f77f-47db-811e-f6ad3da3fdc0",
    "data": [
      {
        "text": "no",
        "alias": "Confirmation",
        "meta": "@Confirmation",
        "userDefined": true
      }
    ],
    "isTemplate": false,
    "count": 0,
    "updated": 0
  },
  {
    "id": "6afa68de-18bd-4eb5-bc21-650cc57d821c",
    "data": [
      {
        "text": "yes",
        "alias": "Confirmation",
        "meta": "@Confirmation",
        "userDefined": true
      }
    ],
    "isTemplate": false,
    "count": 0,
    "updated": 0
  }
]