[
  {
    "id": "223fca04-324b-4632-8846-c8bc119616fd",
    "data": [
      {
        "text": "Chest pain",
        "alias": "Symptoms",
        "meta": "@Symptoms",
        "userDefined": false
      },
      {
        "text": " worse on movement",
        "userDefined": false
      }
    ],
    "isTemplate": false,
    "count": 0,
    "updated": 0
  },
  {
    "id": "ea6914dc-e8e6-4c60-81b8-178cda3d670b",
    "data": [
      {
        "text": "Chest pain",
        "alias": "Symptoms",
        "meta": "@Symptoms",
        "userDefined": false
      },
      {
        "text": " caused by pressing the chest",
        "userDefined": false
      }
    ],
    "isTemplate": false,
    "count": 0,
    "updated": 0
  },
  {
    "id": "05b0309f-503e-409d-b239-f58eae4f3c0f",
    "data": [
      {
        "text": "Burning pain",
        "alias": "Symptoms",
        "meta": "@Symptoms",
        "userDefined": false
      },
      {
        "text": " in chest/upper abdomen",
        "userDefined": false
      }
    ],
    "isTemplate": false,
    "count": 0,
    "updated": 0
  },
  {
    "id": "1d5e3980-9e09-4c18-8cb5-0abf7617d43b",
    "data": [
      {
        "text": "Chest Pain",
        "alias": "Symptoms",
        "meta": "@Symptoms",
        "userDefined": false
      },
      {
        "text": " worse on breathing in",
        "userDefined": false
      }
    ],
    "isTemplate": false,
    "count": 0,
    "updated": 0
  },
  {
    "id": "ea6dafb0-dad7-40d8-9bec-72dc4a925777",
    "data": [
      {
        "text": "None",
        "alias": "Symptoms",
        "meta": "@Symptoms",
        "userDefined": true
      }
    ],
    "isTemplate": false,
    "count": 0,
    "updated": 0
  },
  {
    "id": "e78c70c7-1b45-4100-a6cd-3ced1d8c5fcd",
    "data": [
      {
        "text": "Chest Pain",
        "alias": "Symptoms",
        "meta": "@Symptoms",
        "userDefined": false
      },
      {
        "text": " worse on breathing in, ",
        "userDefined": false
      },
      {
        "text": "Burning pain",
        "alias": "Symptoms",
        "meta": "@Symptoms",
        "userDefined": false
      },
      {
        "text": " in chest/upper abdomen, ",
        "userDefined": false
      },
      {
        "text": "Chest pain",
        "alias": "Symptoms",
        "meta": "@Symptoms",
        "userDefined": false
      },
      {
        "text": " caused by pressing the chest, ",
        "userDefined": false
      },
      {
        "text": "Chest pain",
        "alias": "Symptoms",
        "meta": "@Symptoms",
        "userDefined": false
      },
      {
        "text": " worse on movement",
        "userDefined": false
      }
    ],
    "isTemplate": false,
    "count": 0,
    "updated": 0
  }
]