[
  {
    "id": "672efb12-e7e0-4464-8466-3236c653cf50",
    "data": [
      {
        "text": "rutvij",
        "alias": "given-name",
        "meta": "@sys.given-name",
        "userDefined": false
      },
      {
        "text": ", ",
        "userDefined": false
      },
      {
        "text": "21",
        "alias": "age",
        "meta": "@sys.age",
        "userDefined": true
      },
      {
        "text": ", ",
        "userDefined": false
      },
      {
        "text": "male",
        "alias": "Gender",
        "meta": "@Gender",
        "userDefined": false
      }
    ],
    "isTemplate": false,
    "count": 0,
    "updated": 0
  },
  {
    "id": "ce758c7b-5866-4e39-9649-79a1622bb67e",
    "data": [
      {
        "text": "i\u0027m ",
        "userDefined": false
      },
      {
        "text": "sherwin",
        "alias": "given-name",
        "meta": "@sys.given-name",
        "userDefined": true
      },
      {
        "text": ", ",
        "userDefined": false
      },
      {
        "text": "21 years old",
        "alias": "age",
        "meta": "@sys.age",
        "userDefined": false
      },
      {
        "text": ", ",
        "userDefined": false
      },
      {
        "text": "male",
        "alias": "Gender",
        "meta": "@Gender",
        "userDefined": false
      }
    ],
    "isTemplate": false,
    "count": 0,
    "updated": 0
  },
  {
    "id": "b696ac91-7a3f-477d-863c-c8b57ffac2bc",
    "data": [
      {
        "text": "female",
        "alias": "Gender",
        "meta": "@Gender",
        "userDefined": false
      }
    ],
    "isTemplate": false,
    "count": 0,
    "updated": 0
  },
  {
    "id": "7301bcd2-2a1d-4e79-adfe-af78290fa394",
    "data": [
      {
        "text": "male",
        "alias": "Gender",
        "meta": "@Gender",
        "userDefined": false
      }
    ],
    "isTemplate": false,
    "count": 0,
    "updated": 0
  },
  {
    "id": "f434daa6-b52e-4538-9349-f2700b1536a7",
    "data": [
      {
        "text": "21",
        "alias": "age",
        "meta": "@sys.age",
        "userDefined": false
      }
    ],
    "isTemplate": false,
    "count": 0,
    "updated": 0
  },
  {
    "id": "fe666a58-8601-4888-a9b3-3fab3e7eab23",
    "data": [
      {
        "text": "sherwin",
        "alias": "given-name",
        "meta": "@sys.given-name",
        "userDefined": true
      }
    ],
    "isTemplate": false,
    "count": 0,
    "updated": 0
  }
]