[
  {
    "id": "7bb85ff5-f1cc-4fa5-81a7-8d66ab412e8c",
    "data": [
      {
        "text": "Chest pain",
        "alias": "Symptoms",
        "meta": "@Symptoms",
        "userDefined": false
      },
      {
        "text": " spreading the Jaw",
        "userDefined": false
      }
    ],
    "isTemplate": false,
    "count": 0,
    "updated": 0
  },
  {
    "id": "0731176e-76fb-415c-8e1e-614120d2acf2",
    "data": [
      {
        "text": "Anxiety",
        "alias": "Symptoms",
        "meta": "@Symptoms",
        "userDefined": false
      }
    ],
    "isTemplate": false,
    "count": 0,
    "updated": 0
  },
  {
    "id": "bc5f36c3-96b9-43f8-bfd6-742ea89038ac",
    "data": [
      {
        "text": "Unusually ",
        "userDefined": false
      },
      {
        "text": "Tired",
        "alias": "Symptoms",
        "meta": "@Symptoms",
        "userDefined": true
      }
    ],
    "isTemplate": false,
    "count": 0,
    "updated": 0
  },
  {
    "id": "ee5aef9a-8e29-4045-a4be-f58faea6c5b0",
    "data": [
      {
        "text": "Chest ",
        "userDefined": false
      },
      {
        "text": "Tightness",
        "alias": "Symptoms",
        "meta": "@Symptoms",
        "userDefined": true
      }
    ],
    "isTemplate": false,
    "count": 0,
    "updated": 0
  },
  {
    "id": "a2c196c5-ca39-4c92-b0e4-88e2f69a90fb",
    "data": [
      {
        "text": "Joint/",
        "userDefined": false
      },
      {
        "text": "Abdominal pain",
        "alias": "Symptoms",
        "meta": "@Symptoms",
        "userDefined": true
      }
    ],
    "isTemplate": false,
    "count": 0,
    "updated": 0
  },
  {
    "id": "86de5cba-587a-4fad-922d-7336de3f3cd8",
    "data": [
      {
        "text": "Chest pain",
        "alias": "Symptoms",
        "meta": "@Symptoms",
        "userDefined": false
      },
      {
        "text": " spreading on physical effort",
        "userDefined": false
      }
    ],
    "isTemplate": false,
    "count": 0,
    "updated": 0
  },
  {
    "id": "9e535cc0-4db4-4806-9bfa-ff145279b2d0",
    "data": [
      {
        "text": "Chest pain",
        "alias": "Symptoms",
        "meta": "@Symptoms",
        "userDefined": false
      },
      {
        "text": " spreading to the left arm",
        "userDefined": false
      }
    ],
    "isTemplate": false,
    "count": 0,
    "updated": 0
  },
  {
    "id": "3cd48577-e218-49ac-af63-ac7a55a8274a",
    "data": [
      {
        "text": "Feeling your heart ",
        "userDefined": false
      },
      {
        "text": "racing",
        "meta": "@sys.ignore",
        "userDefined": true
      },
      {
        "text": " or ",
        "userDefined": false
      },
      {
        "text": "skipping a beat",
        "alias": "Symptoms",
        "meta": "@Symptoms",
        "userDefined": true
      }
    ],
    "isTemplate": false,
    "count": 0,
    "updated": 0
  },
  {
    "id": "62a761e9-7216-4eee-b18c-5c01bd4052fa",
    "data": [
      {
        "text": "None",
        "alias": "Symptoms",
        "meta": "@Symptoms",
        "userDefined": true
      }
    ],
    "isTemplate": false,
    "count": 0,
    "updated": 0
  }
]