[
  {
    "id": "fe49021c-618b-48d4-9954-e7dd6fa62f8c",
    "data": [
      {
        "text": "not ",
        "userDefined": false
      },
      {
        "text": "sure",
        "alias": "Confirmation",
        "meta": "@Confirmation",
        "userDefined": false
      }
    ],
    "isTemplate": false,
    "count": 0,
    "updated": 0
  },
  {
    "id": "cfb760b1-1c25-4155-ab87-2211ed3c3f44",
    "data": [
      {
        "text": "no",
        "alias": "Confirmation",
        "meta": "@Confirmation",
        "userDefined": true
      }
    ],
    "isTemplate": false,
    "count": 0,
    "updated": 0
  },
  {
    "id": "efe910d8-acbc-4090-9c1c-8e6fc9853b39",
    "data": [
      {
        "text": "yes",
        "alias": "Confirmation",
        "meta": "@Confirmation",
        "userDefined": false
      }
    ],
    "isTemplate": false,
    "count": 0,
    "updated": 0
  }
]