[
  {
    "id": "48468928-5527-4834-869a-f7b1ccda94a6",
    "data": [
      {
        "text": "rutvij",
        "alias": "given-name",
        "meta": "@sys.given-name",
        "userDefined": false
      },
      {
        "text": ", ",
        "userDefined": false
      },
      {
        "text": "21",
        "alias": "age",
        "meta": "@sys.age",
        "userDefined": true
      },
      {
        "text": ", ",
        "userDefined": false
      },
      {
        "text": "male",
        "alias": "Gender",
        "meta": "@Gender",
        "userDefined": false
      }
    ],
    "isTemplate": false,
    "count": 0,
    "updated": 0
  },
  {
    "id": "acca238e-1b30-447b-aa0e-432acdfcbbe0",
    "data": [
      {
        "text": "i\u0027m ",
        "userDefined": false
      },
      {
        "text": "sherwin",
        "alias": "given-name",
        "meta": "@sys.given-name",
        "userDefined": true
      },
      {
        "text": ", ",
        "userDefined": false
      },
      {
        "text": "21 years old",
        "alias": "age",
        "meta": "@sys.age",
        "userDefined": false
      },
      {
        "text": ", ",
        "userDefined": false
      },
      {
        "text": "male",
        "alias": "Gender",
        "meta": "@Gender",
        "userDefined": false
      }
    ],
    "isTemplate": false,
    "count": 0,
    "updated": 0
  },
  {
    "id": "e8da50b1-60f3-4eee-b3e2-7b6af071411c",
    "data": [
      {
        "text": "female",
        "alias": "Gender",
        "meta": "@Gender",
        "userDefined": false
      }
    ],
    "isTemplate": false,
    "count": 0,
    "updated": 0
  },
  {
    "id": "85a02551-3d55-4cfa-8860-6982e1be60d3",
    "data": [
      {
        "text": "male",
        "alias": "Gender",
        "meta": "@Gender",
        "userDefined": false
      }
    ],
    "isTemplate": false,
    "count": 0,
    "updated": 0
  },
  {
    "id": "aacc1f19-ff68-4e7f-8d97-4fd4e8653688",
    "data": [
      {
        "text": "21",
        "alias": "age",
        "meta": "@sys.age",
        "userDefined": false
      }
    ],
    "isTemplate": false,
    "count": 0,
    "updated": 0
  },
  {
    "id": "8ef01a05-b61e-44af-a146-047d613a930b",
    "data": [
      {
        "text": "sherwin",
        "alias": "given-name",
        "meta": "@sys.given-name",
        "userDefined": true
      }
    ],
    "isTemplate": false,
    "count": 0,
    "updated": 0
  }
]