[
  {
    "id": "6813739f-9601-4c7c-b740-b0a59f207b23",
    "data": [
      {
        "text": "not ",
        "userDefined": false
      },
      {
        "text": "sure",
        "alias": "Confirmation",
        "meta": "@Confirmation",
        "userDefined": false
      }
    ],
    "isTemplate": false,
    "count": 0,
    "updated": 0
  },
  {
    "id": "9151ee13-72fa-4c71-9768-b30b50749439",
    "data": [
      {
        "text": "no",
        "alias": "Confirmation",
        "meta": "@Confirmation",
        "userDefined": true
      }
    ],
    "isTemplate": false,
    "count": 0,
    "updated": 0
  },
  {
    "id": "2651f33e-1b5f-4a36-9f9c-4fd9c5c87039",
    "data": [
      {
        "text": "yes",
        "alias": "Confirmation",
        "meta": "@Confirmation",
        "userDefined": false
      }
    ],
    "isTemplate": false,
    "count": 0,
    "updated": 0
  }
]