[
  {
    "id": "233be509-4ffd-4e50-bdb4-94c3b2984b12",
    "data": [
      {
        "text": "sleeping",
        "alias": "Symptoms",
        "meta": "@Symptoms",
        "userDefined": true
      },
      {
        "text": " problems",
        "userDefined": false
      }
    ],
    "isTemplate": false,
    "count": 0,
    "updated": 0
  },
  {
    "id": "01af80cb-da90-40b8-b014-09069f2f74a6",
    "data": [
      {
        "text": "i don\u0027t get enough ",
        "userDefined": false
      },
      {
        "text": "sleep",
        "alias": "Symptoms",
        "meta": "@Symptoms",
        "userDefined": true
      }
    ],
    "isTemplate": false,
    "count": 0,
    "updated": 0
  },
  {
    "id": "9dcabf7f-d425-4f86-b57c-777c570d9f49",
    "data": [
      {
        "text": "low blood pressure",
        "alias": "Symptoms",
        "meta": "@Symptoms",
        "userDefined": true
      }
    ],
    "isTemplate": false,
    "count": 0,
    "updated": 0
  },
  {
    "id": "13808964-139d-4bee-ac2e-c37fb852cdbf",
    "data": [
      {
        "text": "breathing problems",
        "alias": "Symptoms",
        "meta": "@Symptoms",
        "userDefined": true
      }
    ],
    "isTemplate": false,
    "count": 0,
    "updated": 0
  },
  {
    "id": "7e35423d-22a4-4b7d-81fd-750db0c350d6",
    "data": [
      {
        "text": "i feel ",
        "userDefined": false
      },
      {
        "text": "breathlessness",
        "alias": "Symptoms",
        "meta": "@Symptoms",
        "userDefined": true
      }
    ],
    "isTemplate": false,
    "count": 0,
    "updated": 0
  },
  {
    "id": "7ac75df6-e151-4008-be9d-4bef4b561383",
    "data": [
      {
        "text": "i have ",
        "userDefined": false
      },
      {
        "text": "high blood pressure",
        "alias": "Symptoms",
        "meta": "@Symptoms",
        "userDefined": false
      }
    ],
    "isTemplate": false,
    "count": 0,
    "updated": 0
  },
  {
    "id": "b8041a9a-7cd3-4b14-bb38-37bd7f7dd31f",
    "data": [
      {
        "text": "i have ",
        "userDefined": false
      },
      {
        "text": "chest pain",
        "alias": "Symptoms",
        "meta": "@Symptoms",
        "userDefined": false
      }
    ],
    "isTemplate": false,
    "count": 0,
    "updated": 0
  }
]