[
  {
    "id": "8f988586-a2bd-45e1-ab2a-d5ca8e97b714",
    "data": [
      {
        "text": "not ",
        "userDefined": false
      },
      {
        "text": "sure",
        "alias": "Confirmation",
        "meta": "@Confirmation",
        "userDefined": false
      }
    ],
    "isTemplate": false,
    "count": 0,
    "updated": 0
  },
  {
    "id": "e3839f8f-9236-41b4-8676-e47646f17169",
    "data": [
      {
        "text": "no",
        "userDefined": false
      }
    ],
    "isTemplate": false,
    "count": 0,
    "updated": 0
  },
  {
    "id": "4cbaba9e-a9d1-4786-aa6c-24e17bfca415",
    "data": [
      {
        "text": "yes",
        "alias": "Confirmation",
        "meta": "@Confirmation",
        "userDefined": false
      }
    ],
    "isTemplate": false,
    "count": 0,
    "updated": 0
  }
]